{
  "info": {
    "name": "Project Management Tool API",
    "description": "Complete API collection for the Project Management Tool",
    "schema": "https://schema.getpostman.com/json/collection/v2.1.0/collection.json"
  },
  "auth": {
    "type": "bearer",
    "bearer": [
      {
        "key": "token",
        "value": "{{access_token}}",
        "type": "string"
      }
    ]
  },
  "variable": [
    {
      "key": "base_url",
      "value": "http://localhost:8000/api",
      "type": "string"
    },
    {
      "key": "access_token",
      "value": "",
      "type": "string"
    }
  ],
  "item": [
    {
      "name": "Authentication",
      "item": [
        {
          "name": "Register User",
          "request": {
            "method": "POST",
            "header": [
              {
                "key": "Content-Type",
                "value": "application/json"
              }
            ],
            "body": {
              "mode": "raw",
              "raw": "{\n  \"name\": \"John Doe\",\n  \"email\": \"john@example.com\",\n  \"password\": \"password123\",\n  \"role\": \"developer\"\n}"
            },
            "url": {
              "raw": "{{base_url}}/auth/register",
              "host": ["{{base_url}}"],
              "path": ["auth", "register"]
            }
          }
        },
        {
          "name": "Login",
          "event": [
            {
              "listen": "test",
              "script": {
                "exec": [
                  "if (pm.response.code === 200) {",
                  "    const response = pm.response.json();",
                  "    pm.collectionVariables.set('access_token', response.access_token);",
                  "}"
                ]
              }
            }
          ],
          "request": {
            "method": "POST",
            "header": [
              {
                "key": "Content-Type",
                "value": "application/json"
              }
            ],
            "body": {
              "mode": "raw",
              "raw": "{\n  \"email\": \"john@example.com\",\n  \"password\": \"password123\"\n}"
            },
            "url": {
              "raw": "{{base_url}}/auth/login",
              "host": ["{{base_url}}"],
              "path": ["auth", "login"]
            }
          }
        },
        {
          "name": "Get Current User",
          "request": {
            "method": "GET",
            "header": [],
            "url": {
              "raw": "{{base_url}}/auth/me",
              "host": ["{{base_url}}"],
              "path": ["auth", "me"]
            }
          }
        }
      ]
    },
    {
      "name": "Projects",
      "item": [
        {
          "name": "Create Project",
          "request": {
            "method": "POST",
            "header": [
              {
                "key": "Content-Type",
                "value": "application/json"
              }
            ],
            "body": {
              "mode": "raw",
              "raw": "{\n  \"title\": \"My Project\",\n  \"description\": \"Project description\",\n  \"status\": \"planning\",\n  \"deadline\": \"2024-12-31T23:59:59Z\"\n}"
            },
            "url": {
              "raw": "{{base_url}}/projects/",
              "host": ["{{base_url}}"],
              "path": ["projects", ""]
            }
          }
        },
        {
          "name": "Get Projects",
          "request": {
            "method": "GET",
            "header": [],
            "url": {
              "raw": "{{base_url}}/projects/",
              "host": ["{{base_url}}"],
              "path": ["projects", ""]
            }
          }
        },
        {
          "name": "Get Project by ID",
          "request": {
            "method": "GET",
            "header": [],
            "url": {
              "raw": "{{base_url}}/projects/1",
              "host": ["{{base_url}}"],
              "path": ["projects", "1"]
            }
          }
        },
        {
          "name": "Update Project",
          "request": {
            "method": "PUT",
            "header": [
              {
                "key": "Content-Type",
                "value": "application/json"
              }
            ],
            "body": {
              "mode": "raw",
              "raw": "{\n  \"title\": \"Updated Project\",\n  \"status\": \"in_progress\"\n}"
            },
            "url": {
              "raw": "{{base_url}}/projects/1",
              "host": ["{{base_url}}"],
              "path": ["projects", "1"]
            }
          }
        },
        {
          "name": "Delete Project",
          "request": {
            "method": "DELETE",
            "header": [],
            "url": {
              "raw": "{{base_url}}/projects/1",
              "host": ["{{base_url}}"],
              "path": ["projects", "1"]
            }
          }
        },
        {
          "name": "Add Project Member",
          "request": {
            "method": "POST",
            "header": [
              {
                "key": "Content-Type",
                "value": "application/json"
              }
            ],
            "body": {
              "mode": "raw",
              "raw": "{\n  \"user_id\": 1,\n  \"role\": \"member\"\n}"
            },
            "url": {
              "raw": "{{base_url}}/projects/1/members",
              "host": ["{{base_url}}"],
              "path": ["projects", "1", "members"]
            }
          }
        },
        {
          "name": "Get Project Members",
          "request": {
            "method": "GET",
            "header": [],
            "url": {
              "raw": "{{base_url}}/projects/1/members",
              "host": ["{{base_url}}"],
              "path": ["projects", "1", "members"]
            }
          }
        }
      ]
    },
    {
      "name": "Tasks",
      "item": [
        {
          "name": "Create Task",
          "request": {
            "method": "POST",
            "header": [
              {
                "key": "Content-Type",
                "value": "application/json"
              }
            ],
            "body": {
              "mode": "raw",
              "raw": "{\n  \"title\": \"My Task\",\n  \"description\": \"Task description\",\n  \"status\": \"todo\",\n  \"priority\": \"medium\",\n  \"deadline\": \"2024-12-31T23:59:59Z\",\n  \"project_id\": 1,\n  \"assigned_user_id\": 1\n}"
            },
            "url": {
              "raw": "{{base_url}}/tasks/",
              "host": ["{{base_url}}"],
              "path": ["tasks", ""]
            }
          }
        },
        {
          "name": "Get Tasks",
          "request": {
            "method": "GET",
            "header": [],
            "url": {
              "raw": "{{base_url}}/tasks/",
              "host": ["{{base_url}}"],
              "path": ["tasks", ""]
            }
          }
        },
        {
          "name": "Get Task by ID",
          "request": {
            "method": "GET",
            "header": [],
            "url": {
              "raw": "{{base_url}}/tasks/1",
              "host": ["{{base_url}}"],
              "path": ["tasks", "1"]
            }
          }
        },
        {
          "name": "Update Task",
          "request": {
            "method": "PUT",
            "header": [
              {
                "key": "Content-Type",
                "value": "application/json"
              }
            ],
            "body": {
              "mode": "raw",
              "raw": "{\n  \"title\": \"Updated Task\",\n  \"status\": \"in_progress\"\n}"
            },
            "url": {
              "raw": "{{base_url}}/tasks/1",
              "host": ["{{base_url}}"],
              "path": ["tasks", "1"]
            }
          }
        },
        {
          "name": "Delete Task",
          "request": {
            "method": "DELETE",
            "header": [],
            "url": {
              "raw": "{{base_url}}/tasks/1",
              "host": ["{{base_url}}"],
              "path": ["tasks", "1"]
            }
          }
        },
        {
          "name": "Add Task Comment",
          "request": {
            "method": "POST",
            "header": [
              {
                "key": "Content-Type",
                "value": "application/json"
              }
            ],
            "body": {
              "mode": "raw",
              "raw": "{\n  \"content\": \"This is a comment\",\n  \"task_id\": 1\n}"
            },
            "url": {
              "raw": "{{base_url}}/tasks/1/comments",
              "host": ["{{base_url}}"],
              "path": ["tasks", "1", "comments"]
            }
          }
        },
        {
          "name": "Get Task Comments",
          "request": {
            "method": "GET",
            "header": [],
            "url": {
              "raw": "{{base_url}}/tasks/1/comments",
              "host": ["{{base_url}}"],
              "path": ["tasks", "1", "comments"]
            }
          }
        },
        {
          "name": "Get Dashboard Stats",
          "request": {
            "method": "GET",
            "header": [],
            "url": {
              "raw": "{{base_url}}/tasks/dashboard/stats",
              "host": ["{{base_url}}"],
              "path": ["tasks", "dashboard", "stats"]
            }
          }
        }
      ]
    },
    {
      "name": "AI Features",
      "item": [
        {
          "name": "Generate User Stories",
          "request": {
            "method": "POST",
            "header": [
              {
                "key": "Content-Type",
                "value": "application/json"
              }
            ],
            "body": {
              "mode": "raw",
              "raw": "{\n  \"project_description\": \"A project management tool\",\n  \"num_stories\": 5\n}"
            },
            "url": {
              "raw": "{{base_url}}/ai/generate-user-stories",
              "host": ["{{base_url}}"],
              "path": ["ai", "generate-user-stories"]
            }
          }
        },
        {
          "name": "Generate Tasks from Stories",
          "request": {
            "method": "POST",
            "header": [
              {
                "key": "Content-Type",
                "value": "application/json"
              }
            ],
            "body": {
              "mode": "raw",
              "raw": "{\n  \"user_stories\": [\n    \"As a user, I want to create an account, so that I can access the application.\"\n  ]\n}"
            },
            "url": {
              "raw": "{{base_url}}/ai/generate-tasks",
              "host": ["{{base_url}}"],
              "path": ["ai", "generate-tasks"]
            }
          }
        }
      ]
    }
  ]
}
